{"error":0,"data":{"examid":735,"exam_name":"19\u5e7411\u670802\u65e5\u771f\u9898","introduction":"","level":"","question_number":64,"order_number":28,"part1":[{"article":"Earth's oceans are not uniform. Ocean water near coastlines, for example, contains trace elements of all kinds that help life grow in abundance, whereas the centers of the oceans are typically devoid of life. Ocean chemistry also varies from top to bottom. The surface waters of the ocean are less acidic than the deep ocean because carbon dioxide, which becomes carbonic acid when dissolved in water, is used up as myriad planktonic algae (tiny floating plants) photosynthesize; that is, they use sunlight and carbon dioxide to obtain energy. In those sunlit waters it is easy for some of those planktonic organisms to extract the calcium and carbonate ions with which the water is saturated, and make their intricate, jewel-like calcium carbonate skeletons. As these organisms die, their skeletons fall to the sea floor in their billions to pile up as carbonate deposits. As they fall, they take with them the iron, nitrogen, and phosphorus in their dead tissues. The sunlit surface waters are thus depleted in these elements, which puts a serious brake on further biological growth.<br \/><br \/>However, to build carbonate deposits, those tiny skeletons must not sink too deep, for if they do, they will enter a new realm and simply disappear. In the cold, dark depths of the oceans, about 4 kilometers below the sea's surface, the water is both cold and old. Hundreds of years have elapsed since the water has been at the surface--it is charged with carbon dioxide from decaying animal and plant tissues, and part of this gas dissolves to form carbonic acid. As they enter these deep, more acid waters, the calcium carbonate shells simply dissolve and disappear, even before they hit the ocean floor.<br \/><br \/>There is therefore a line known as the carbonate compensation depth (or CCD) in the oceans, above which pale deposits made of microscopic calcium carbonate skeletons accumulate. Below this, only fine sediment that cannot be dissolved in water at all can very slowly build up. This sediment is made of material such as windblown desert dust, tiny particles of volcanic ash, and the tiny silica skeletons of such organisms as radiolaria or diatoms. One of the fundamental boundaries in the oceans, the CCD varies from place to place. It is generally shallower in the Pacific than the Atlantic, because Pacific deep waters are more sluggish and therefore older and more acid. And in areas where surface water supports abundant life, this line can be pushed downward, because the rain of skeletons from above can overpower the ability of the deep water to dissolve them.<br \/><br \/>The CCD has also changed through geological time.  There have been, for instance, times in the past when the atmosphere was suddenly invaded by large amounts of carbon dioxide (suddenly here means over tens of thousands of years--still much slower than the rise of carbon dioxide concentrations in today's atmosphere).  One such event took place 55 million years ago, perhaps as a result of geological activities in the Atlantic Ocean. As well as warming the world, it acidified the ocean, so that the sinking carbonate skeletons dissolved sooner and the CCD rose by about a kilometer. <br \/><br \/>There were other, more subtle changes in the oceans that affected the way in which calcium carbonate precipitated (was deposited in solid form) out of the seawater. One involves changes in the relative proportions of calcium and magnesium in the ocean waters. Dissolved magnesium interferes with the precipitation of calcium carbonate. The magnesium-to-calcium ratio is difficult to measure in ancient rocks, not least because the chemical patterns are prone to change as the rocks lie buried deep underground over millions of years. However, traces of these ancient chemical patterns may be preserved in the crystals of sea urchin skeletons and also in fluid bubbles trapped within ancient rock salt crystals. These patterns show oscillations between times of magnesium dominance, such as now, and calcium dominance, such as 100 million years ago in the Cretaceous period, when dinosaurs roamed the Earth. These oscillations may be linked to changes in geological activity.  During periods of intense volcanic activity in the oceans, substances called basalts are released in large quantities. They absorb magnesium from the seawater, leaving it relatively rich in dissolved calcium.   ","articleType":"\u81ea\u7136\u79d1\u5b66","articleTitle":"Calcium Carbonate in the Ocean   ","articleTitleTranslate":"\u6d77\u6d0b\u4e2d\u7684\u78b3\u9178\u9499","translate":"","timulist":[{"timuid":"8405","timutype":"y1","tigan":"According to paragraph 1, which of the following limits the abundance of life in ocean water near the surface?   ","type":"","correntans":["B"],"level":"1","option":[{"val":"A","content":"The presence of trace elements that cause organisms to die   "},{"val":"B","content":"The continuous removal of iron, nitrogen, and phosphorus when dead organisms sink   "},{"val":"C","content":"The lack of calcium and carbonate particles needed for skeletons  "},{"val":"D","content":"The water's saturation with dissolved carbon dioxide   "}],"focus":[{"sentence":"Earth's oceans are not uniform.","word":""}],"jiexi":""},{"timuid":"8406","timutype":"y1","tigan":"According to paragraph 2, which of the following causes the disappearance of calcium carbonate skeletons in deep water?   ","type":"","correntans":["D"],"level":"1","option":[{"val":"A","content":"Decay of the skeletons during the hundreds of years they spend at the surface   "},{"val":"B","content":"The temperature of the water   "},{"val":"C","content":"The calcium carbonate on the ocean floor   "},{"val":"D","content":"The presence of carbonic acid in the water"}],"focus":[{"sentence":"However, to build carbonate deposits","word":""}],"jiexi":""},{"timuid":"8407","timutype":"y1","tigan":"According to paragraph 3, how are the skeletons of radiolaria and diatoms different from calcium carbonate skeletons?   ","type":"","correntans":["A"],"level":"1","option":[{"val":"A","content":"The skeletons of radiolaria and diatoms can build up even below the CCD.   "},{"val":"B","content":"The skeletons of radiolaria and diatoms slowly dissolve in acid waters.   "},{"val":"C","content":"The skeletons of radiolaria and diatoms are mainly made of material that comes from desert dust and volcanic ash.   "},{"val":"D","content":"The skeletons of radiolaria and diatoms contain large amounts of calcium carbonate.  "}],"focus":[{"sentence":"There is therefore a line known as the carbonate compensation depth","word":""}],"jiexi":""},{"timuid":"8408","timutype":"y1","tigan":"According to paragraph 3, which of the following accurately describes the variation in depth of the CCD among different ocean locations?   ","type":"","correntans":["D"],"level":"1","option":[{"val":"A","content":"The CCD is deeper in the Pacific than in the Atlantic.   "},{"val":"B","content":"The CCD is deeper in locations with more acidic water.   "},{"val":"C","content":"The CCD is deeper where deep waters are sluggish.   "},{"val":"D","content":"The CCD is deeper in areas with plentiful life near the surface.   "}],"focus":[{"sentence":"There is therefore a line known as the carbonate compensation depth","word":""}],"jiexi":""},{"timuid":"8409","timutype":"y1","tigan":"Which of the following can be inferred from paragraph 4 about changes in the CCD today?   ","type":"","correntans":["B"],"level":"1","option":[{"val":"A","content":"The CCD is likely falling in some parts of the ocean and rising in others.   "},{"val":"B","content":"The CCD is likely rising around the world.   "},{"val":"C","content":"The CCD in the Atlantic Ocean is likely rising mainly due to geological activities.   "},{"val":"D","content":"The CCD has likely risen by about a kilometer recently.  "}],"focus":[{"sentence":"The CCD has also changed through geological time.","word":""}],"jiexi":""},{"timuid":"8410","timutype":"y1","tigan":"The phrase \"more subtle\" in the passage is closest in meaning to   ","type":"","correntans":["D"],"level":"1","option":[{"val":"A","content":"less long-lasting   "},{"val":"B","content":"less expected   "},{"val":"C","content":"less rapid   "},{"val":"D","content":"less obvious   "}],"focus":[{"sentence":"There were other, more subtle changes ","word":"more subtle"}],"jiexi":""},{"timuid":"8411","timutype":"y1","tigan":"Why does the author state that \"During periods of intense volcanic activity in the oceans, substances called basalts are released in large quantities\"?  ","type":"","correntans":["A"],"level":"1","option":[{"val":"A","content":"To suggest an explanation for the dominance of dissolved calcium over dissolved magnesium in seawater during the Cretaceous period   "},{"val":"B","content":"To illustrate how geological activity could affect dinosaurs   "},{"val":"C","content":"To show how geological activity can create a magnesium-dominant ocean   "},{"val":"D","content":"To identify another factor that makes it difficult to measure the magnesium-to-calcium ratio in ancient rocks   "}],"focus":[{"sentence":"During periods of intense volcanic activity in the oceans, substances called basalts are released in large quantities","word":"During periods of intense volcanic activity in the oceans, substances called basalts are released in large quantities"}],"jiexi":""},{"timuid":"8412","timutype":"y1","tigan":"Paragraph 5 suggests that more calcium carbonate is likely to be deposited on the ocean floor under which of the following conditions?   ","type":"","correntans":["B"],"level":"1","option":[{"val":"A","content":"Relatively few rocks are being formed.   "},{"val":"B","content":"There is relatively little magnesium in the water.   "},{"val":"C","content":"Calcium absorbed from the seawater is buried deep underground relatively quickly.   "},{"val":"D","content":"A relatively large number of rock salt crystals are present.   "}],"focus":[{"sentence":"There were other, more subtle changes in the oceans that affected the way in which calcium carbonate precipitated ","word":""}],"jiexi":""},{"timuid":"8413","timutype":"y3","tigan":"The carbon dioxide released at that time had dramatic consequences. ","type":"","correntans":["C"],"level":"1","option":[{"val":"A","content":"There have been, for instance, times in the past when the atmosphere was suddenly invaded by large amounts of carbon dioxide "},{"val":"B","content":"One such event took place 55 million years ago, perhaps as a result of geological activities in the Atlantic Ocean. "},{"val":"C","content":"As well as warming the world, it acidified the ocean, so that the sinking carbonate skeletons dissolved sooner and the CCD rose by about a kilometer. "},{"val":"D","content":"There were other, more subtle changes in the oceans that affected the way in which calcium"}],"focus":[],"jiexi":""},{"timuid":"8414","timutype":"y4","tigan":"Earth's oceans are not uniform in composition or in the amount of life they support.","type":"","correntans":["B","D","E"],"level":"1","option":[{"val":"A","content":"The centers of oceans are typically devoid of life because their sunlit surface waters are depleted of the carbonic acid needed by planktonic algae to photosynthesize.   "},{"val":"B","content":"Planktonic algae living in the surface waters form calcium carbonate skeletons, which sink when the organisms die.   "},{"val":"C","content":"Compared to the Atlantic sea floor, the Pacific sea floor contains a thicker layer of carbonate deposits because Pacific water is older and its surface water contains abundant life.   "},{"val":"D","content":"Calcium carbonate settles above the CCD, the depth of which varies from place to place and over geological time, but dissolves in the acidic waters below it.   "},{"val":"E","content":"Variations in ocean chemistry, such as changes in the concentrations of calcium and magnesium, affect what happens to calcium carbonate in ocean water.   "},{"val":"F","content":"Ancient rocks and fossils show that the levels of the elements necessary for the precipitation of calcium carbonate have been rising since the Cretaceous period.   "}],"focus":[],"jiexi":""}]},{"article":"The domestication of plant and animal species in prehistoric times--the so-called Neolithic Revolution--was a vital innovation and has received a great deal of scrutiny. The domestication of a species ensured its reproductive success while providing humans with some type of necessity. Domesticated organisms are usually altered in various ways due to selective breeding, making them better adapted for interactions with humans.   <br \/><br \/>Wild cereals have a very fragile stem, whereas domesticated ones have a tough stem. Under natural conditions, plants with fragile stems scatter their seed for themselves, whereas those with tough stems do not. When the grain stalks were harvested, their soft stems would shatter  at the touch of a harvesting tool, and many of their seeds would be lost. Inevitably, though unintentionally, most of the seeds that people harvested would have been taken from the tough plants. Early domesticators probably also tended to select seed from plants having few husks (outer seed coverings) or none at all--eventually breeding them out--because husking prior to pounding the grains into meal or flour required extra labor. Many of the distinguishing characteristics of domesticated plants can be seen in remains from archaeological sites. Paleobotanists can often tell the fossil of a wild plant species from a domesticated one by studying the shape and size of various plant structures.   <br \/><br \/>Domestication also produced changes in the skeletal structure of some animals. The horns of wild goats and sheep differ from those of their domesticated counterparts, and some types of domesticated sheep lack horns altogether. Similarly, the size of an animal or its parts can vary with domestication, as seen in the smaller size of certain teeth of domesticated pigs compared to those of wild ones.   <br \/><br \/>A study of age and sex ratios of animal remains at an archaeological site may indicate whether animal domestication was practiced. Investigators have determined that if the age and\/or sex ratios at the site differ from those in wild herds, the imbalances are due to domestication. Archaeologists documented a sharp rise in the number of young male goats killed at 10,000-year-old sites in the Zagros Mountains of Iran. Evidently people were killing the young males for food and saving the females for breeding. Although such herd management does not prove that the goats were fully domesticated, it does indicate a step in that direction. Similarly, archaeological sites in the Andean highlands dating to around 6,300 years ago contain evidence that llamas were placed in enclosures, indicating the beginning of domestication.   <br \/><br \/>Although it is tempting to think that a sudden flash of insight about the human ability to control plants and animals might have led ancient peoples to domestication, the evidence points us in different directions. There are several false ideas about the motivation for becoming food producers. First, contemporary foragers (people who search for food) show us that food production probably did not come about from sudden, unforeseen discoveries, such as that seeds can be planted and grown into plants, since these food foragers are perfectly aware of the role of seeds in plant growth, that plants grow better under certain conditions than others, and so forth. Jared Diamond aptly describes contemporary food foragers as walking encyclopedias of natural history with individual names for as many as a thousand or more plant and animal species, and with detailed knowledge of those species' biological characteristics, distribution, and potential uses. In addition, food foragers frequently apply their knowledge to actively manage the resources on which they depend. Indigenous people living in northern Australia deliberately alter the runoff channels of creeks to flood extensive tracts of land, converting them into fields of wild grain.   <br \/><br \/>Second, the switch from food foraging to food production does not free people from hard work. In fact, available ethnographic data indicate just the opposite. They show that farmers, by and large, work far longer hours compared to most food foragers.  Finally, food production is not necessarily a more secure means of subsistence than food foraging.  Seed crops in particular--of the sort originally domesticated in Southwest Asia, Central America, and the Andean highlands--are highly productive but not stable because of low species diversity. Without constant human attention, their productivity suffers.  ","articleType":"\u751f\u547d\u79d1\u5b66","articleTitle":"Plant and Animal Domestication","articleTitleTranslate":"\u79cd\u690d\u548c\u52a8\u7269\u755c\u517b","translate":"","timulist":[{"timuid":"8415","timutype":"y1","tigan":"The word \"altered\" in the passage is closest in meaning to  ","type":"","correntans":["D"],"level":"1","option":[{"val":"A","content":"cared for"},{"val":"B","content":"improved "},{"val":"C","content":"used"},{"val":"D","content":"changed   "}],"focus":[{"sentence":"Domesticated organisms are usually altered in various","word":"altered"}],"jiexi":""},{"timuid":"8416","timutype":"y1","tigan":"The word \"shatter\" in the passage is closest in meaning to   ","type":"","correntans":["B"],"level":"1","option":[{"val":"A","content":"bend"},{"val":"B","content":"break into pieces   "},{"val":"C","content":"fall over   "},{"val":"D","content":"shrink  "}],"focus":[{"sentence":"their soft stems would shatter at the touch of a harvesting tool","word":"shatter"}],"jiexi":""},{"timuid":"8417","timutype":"y1","tigan":"Paragraph 2 suggests that which of the following can be concluded about grains found in archaeological remains that do not have husks?   ","type":"","correntans":["D"],"level":"1","option":[{"val":"A","content":"Early domesticators found them more difficult to pound into meal than grains that have husks.   "},{"val":"B","content":"It is difficult to distinguish them from grains that have husks.   "},{"val":"C","content":"They probably came from plants with fragile stems.   "},{"val":"D","content":"They are more likely to have been domesticated than grains with husks. "}],"focus":[{"sentence":"Wild cereals have a very fragile stem, whereas domesticated ones have a tough stem. ","word":""}],"jiexi":""},{"timuid":"8418","timutype":"y1","tigan":"According to paragraph 2, why would most of the seeds that people harvested have come from plants with tough stems rather than from plants with fragile stems?   ","type":"","correntans":["A"],"level":"1","option":[{"val":"A","content":"The seeds on tough-stemmed plants do not scatter as easily during harvesting.   "},{"val":"B","content":"The seeds on tough-stemmed plants are better protected by outer coverings.   "},{"val":"C","content":"Tough-stemmed plants generally have seeds that are easier to make flour from.   "},{"val":"D","content":"Tough-stemmed plants seed themselves more effectively, so there tend to be far more of them."}],"focus":[{"sentence":"Wild cereals have a very fragile stem, whereas domesticated ones have a tough stem. ","word":""}],"jiexi":""},{"timuid":"8419","timutype":"y1","tigan":"Paragraph 4 supports the idea that which of the following helps archaeologists determine whether prehistoric animals at a particular site were domesticated?   ","type":"","correntans":["B"],"level":"1","option":[{"val":"A","content":"Finding remains at that site of animals that were killed later in their lives than were those killed at other sites   "},{"val":"B","content":"Calculating the age and sex ratios of wild herds of the kinds of animals found at that site   "},{"val":"C","content":"Knowing how long ago the animals at that site were alive   "},{"val":"D","content":"Determining how the animals at that site were killed  "}],"focus":[{"sentence":"A study of age and sex ratios of animal remains at an archaeological site may indicate whether animal domestication was practiced.","word":""}],"jiexi":""},{"timuid":"8420","timutype":"y2","tigan":"According to paragraph 4, which TWO of the following provided indications that people had started to domesticate animals? To receive credit, you must select TWO answer choices.   ","type":"","correntans":["B","C"],"level":"1","option":[{"val":"A","content":"Signs that more goats were being killed for food in the Zagros Mountains than were being killed elsewhere 10,000 years ago   "},{"val":"B","content":"Sites showing a sudden increase in the number of male animals killed compared to the number of females killed   "},{"val":"C","content":"Findings showing that animals were kept in enclosed areas in the Andean highlands    "},{"val":"D","content":"Sites containing remains of animals that had been older when they died than was normal in wild herds   "}],"focus":[{"sentence":"A study of age and sex ratios of animal remains at an archaeological","word":""}],"jiexi":""},{"timuid":"8421","timutype":"y1","tigan":"Which of the sentences below best expresses the essential information in the highlighted sentence in the passage? Incorrect choices change the meaning in important ways or leave out essential information.   ","type":"","correntans":["A"],"level":"1","option":[{"val":"A","content":"Contemporary foragers show us that food production probably did not come about from sudden discoveries about plant growth, since these foragers are perfectly aware of how plants grow.   "},{"val":"B","content":"Contemporary food foragers are perfectly aware of the role of seeds in plant growth, that plants grow better under certain conditions than others, and so forth.   "},{"val":"C","content":"Food production depended on discoveries such as the role of seeds in plant growth and the fact that plants grow better under certain conditions than under others.   "},{"val":"D","content":"Contemporary foragers use their knowledge of how plants grow, of the conditions in which they are likely to grow best, and so forth, to help them search for food.  "}],"focus":[{"sentence":"First, contemporary foragers (people who search for food) show us that food production probably did not come about from sudden, unforeseen discoveries, such as that seeds can be planted and grown into plants, since these food foragers are perfectly aware of the role of seeds in plant growth, that plants grow better under certain conditions than others, and so forth.","word":"First, contemporary foragers (people who search for food) show us that food production probably did not come about from sudden, unforeseen discoveries, such as that seeds can be planted and grown into plants, since these food foragers are perfectly aware of the role of seeds in plant growth, that plants grow better under certain conditions than others, and so forth."}],"jiexi":""},{"timuid":"8422","timutype":"y1","tigan":"In paragraph 5, why does the author provide a quotation from Jared Diamond about contemporary food foragers?   ","type":"","correntans":["B"],"level":"1","option":[{"val":"A","content":"To illustrate how the lifestyle of contemporary foragers differs from that of Neolithic foragers   "},{"val":"B","content":"To help support the claim that new insight about plants and animals was not the cause of domestication   "},{"val":"C","content":"To explain how food foragers frequently apply their knowledge to actively manage natural resources   "},{"val":"D","content":"To provide examples of the type of detailed knowledge about the natural world that is required for domestication   "}],"focus":[{"sentence":"Although it is tempting to think that a sudden flash of insight about the human ability to control","word":""}],"jiexi":""},{"timuid":"8423","timutype":"y3","tigan":"That makes them particularly vulnerable to diseases, pests, and other stresses, from which they need protection.    ","type":"","correntans":["C"],"level":"1","option":[{"val":"A","content":"Finally, food production is not necessarily a more secure means of subsistence than food foraging. "},{"val":"B","content":"Seed crops in particular--of the sort originally domesticated in Southwest Asia, Central America, and the Andean highlands--are highly productive but not stable because of low species diversity."},{"val":"C","content":"Without constant human attention, their productivity suffers. "},{"val":"D","content":"Without constant human attention, their productivity suffers. ##"}],"focus":[],"jiexi":""},{"timuid":"8424","timutype":"y4","tigan":"The domestication of plant and animal species in prehistoric times was an important development.  ","type":"","correntans":["C","D","F"],"level":"1","option":[{"val":"A","content":"Domestication began at roughly the same time in Southwest Asia, Iran, Central America, and the Andean highlands, typically starting with the domestication of cereal crops, goats, and sheep.   "},{"val":"B","content":"Animal remains from archaeological sites in Iran and the Andean highlands reveal that domesticated animals tended to be larger than wild ones and had different-sized teeth.   "},{"val":"C","content":"Selective harvesting and planting of seeds from wild cereal plants with certain desirable qualities led to plants that were better suited for agricultural and food-preparation practices.  "},{"val":"D","content":"Evidence related to the domestication of animals is found not only in changes to the animals' physical features but also in archaeological remains that indicate the practices of ancient peoples.   \r\n"},{"val":"E","content":"Most of what is known about foraging comes from studies of contemporary food foragers, whose lifestyle is considered to be almost the same as that of prehistoric food foragers.   \r\n"},{"val":"F","content":"Neither the discovery that plants and animals could be controlled nor the ease and security of food production were the main motivations for domestication."}],"focus":[],"jiexi":""}]},{"article":"The Romans invaded Britain in A.D. 43.  In the early part of the second century A.D. , much of Londinium--the Roman outpost city that eventually became modern London--was destroyed by fire. There is no contemporary reference to this great fire, or possibly succession of local fires. However, archaeological evidence leaves no doubt that such a disaster did occur between A.D. 120 and 130. The Hadrianic fire (named for the Roman emperor of that time) marks the onset of a profound change, and in some respects a decline, including a substantial   fall in the population of Londinium after about A.D. 150.   <br \/><br \/>At its greatest extent in the early second century, the population of Londinium may have been in the region of 30,000--greater, perhaps, than it would be again for over 1,000 years. Recent estimates of the population of Roman Britain as a whole (i.e., of England and Wales), range between almost three million and up to six million. All such estimates must necessarily be uncertain and partly speculative, but they do at least give some idea of the scale of the matter. The population of Londinium, it may be noted, amounted to at most 1 percent (or 0.5 percent if the figure of six million is used) of that of Britain as a whole, far below the ratio of later times--in 1550, for instance, 2.5 percent of the population of all England, and in 1700, 11 percent. In terms of the likely numbers of its inhabitants, it seems therefore that even at its peak, Londinium's position in relation to the provinces was in Roman times less important than it was to become later.     <br \/><br \/>Despite the extent of the damage that it caused, the Hadrianic fire of A.D. 120-130 cannot have been the main cause of the recession of Londinium. Nor can the frequent military operations in North Wales and southern Scotland, which took place during the Antonine period (A.D. 138-192) account for it, although they may have drained limited resources away from the southern part of the province and may even, by often requiring the governor's presence on the northern frontiers, explain the reduction in size of his palace in Londinium. In Britain the favorable commercial opportunities of the first century--when the potential of the new markets that existed there could most easily be exploited--were over by the mid-second century. As the Romanization of the province advanced, this colonial nature of its trade declined. The first frenetic phase of the Romano-British economy had passed, and things were settling down. Most trade was becoming local, centered on the tribal capital of each region. Home-produced goods began to take the place of imports, and Londinium's function as the principal center of trade both within the province and with the rest of the empire began to diminish.   <br \/><br \/>However, this changing pattern of trade does not by itself provide a complete explanation for the great fall in population of Londinium around A.D. 150, perhaps by some two-thirds. Still less does it explain the virtual termination of production in about A.D. 160 at the potteries at Brockley Hill and Highgate, which until then had commanded a large market in Londinium, or the abandonment of the area beside the Walbrook River within the city. Demographic decline is nevertheless well attested by the numerous deserted buildings; by the deposits of dark earth, which often imply the practice of gardening or farming; and by the much smaller quantities found by modern archaeologists of building remains and general domestic bits and pieces relating to the years after about A.D. 150. The third quarter of the second century, when the depopulation of Londinium seems to have been at its height, coincides with the Plague of Galen, an epidemic brought back by soldiers returning from service in the East that swept across Europe in A.D. 166-167. Londinium, with its frequent contacts with Gaul (modern France) and Germany, would have been the natural point of first entry for any epidemic, and the fall in population that began there seems to have been followed in the early third century by a similar decline in other parts of southeast Britain.   ","articleType":"\u793e\u4f1a\u79d1\u5b66","articleTitle":"London's Second-Century Decline  ","articleTitleTranslate":"\u4f26\u6566\u7b2c\u4e8c\u4e16\u7eaa\u7684\u8870\u843d","translate":"","timulist":[{"timuid":"8425","timutype":"y1","tigan":"The word \"substantial\" in the passage is closest in meaning to   ","type":"","correntans":["B"],"level":"1","option":[{"val":"A","content":"gradual   "},{"val":"B","content":"significant  "},{"val":"C","content":"surprising"},{"val":"D","content":"total"}],"focus":[{"sentence":"substantial","word":""}],"jiexi":""},{"timuid":"8426","timutype":"y1","tigan":"The word \"diminish\" in the passage is closest in meaning to   \r\nA.\tbe reduced   \r\nB.\tbe ignored   \r\nC.\tbe established   \r\nD.\tbe challenged   ","type":"","correntans":["A"],"level":"1","option":[{"val":"A","content":"be reduced   "},{"val":"B","content":"be ignored   "},{"val":"C","content":"be established  "},{"val":"D","content":"be challenged   "}],"focus":[{"sentence":"with the rest of the empire began to diminish. ","word":"diminish"}],"jiexi":""},{"timuid":"8427","timutype":"y1","tigan":"According to paragraph 3, which of the following was an effect of military operations in North Wales and southern Scotland?   ","type":"","correntans":["B"],"level":"1","option":[{"val":"A","content":"A decline in the population of Londinium   "},{"val":"B","content":"A decrease in resources available in southern Britain   "},{"val":"C","content":"The defeat of the Roman governor   "},{"val":"D","content":"The destruction of the governor's palace  "}],"focus":[{"sentence":"Despite the extent of the damage that it caused","word":""}],"jiexi":""},{"timuid":"8428","timutype":"y1","tigan":"Paragraph 3 mentions all of the following as reasons for the shift in Londinium's economy in the second century A.D. EXCEPT   ","type":"","correntans":["A"],"level":"1","option":[{"val":"A","content":"the shrinking population of Londinium   "},{"val":"B","content":"the increasing Romanization of Britain   "},{"val":"C","content":"the growing importance of regional capitals   "},{"val":"D","content":"the decreasing reliance on imports   "}],"focus":[{"sentence":"Despite the extent of the damage that it caused, the Hadrianic fire ","word":""}],"jiexi":""},{"timuid":"8429","timutype":"y1","tigan":"Which of the following is presented in paragraph 4 as evidence that the population of Londinium fell in the mid-second century A.D. ?   ","type":"","correntans":["D"],"level":"1","option":[{"val":"A","content":"Increased demand for pottery products in markets outside of Londinium   "},{"val":"B","content":"The decline in gardening and farming practices   "},{"val":"C","content":"The change in trade patterns between Londinium and the rest of Britain after A.D. 150   "},{"val":"D","content":"The limited number of household objects from the late second century A.D. that have been found   "}],"focus":[{"sentence":"However, this changing pattern of trade does not by itself provide a complete","word":""}],"jiexi":""},{"timuid":"8430","timutype":"y1","tigan":"According to paragraph 4, what do deposits of dark earth indicate?   ","type":"","correntans":["C"],"level":"1","option":[{"val":"A","content":"Sites of ancient pottery factories   "},{"val":"B","content":"Locations of second-century marketplaces   "},{"val":"C","content":"Former gardens or farmland   "},{"val":"D","content":"Remains of deserted buildings"}],"focus":[{"sentence":"However, this changing pattern of trade does not by itself provide a complete explanation for the great fall in population of Londinium around ","word":""}],"jiexi":""},{"timuid":"8431","timutype":"y1","tigan":"What can be inferred from paragraph 4 about the people of southeast Britain who were located outside of Londinium?   ","type":"","correntans":["D"],"level":"1","option":[{"val":"A","content":"They began producing pottery when Brockley Hill and Highgate closed.   "},{"val":"B","content":"They did not take part in wars in other parts of Europe.   "},{"val":"C","content":"They had very limited contact with the people of Londinium.   "},{"val":"D","content":"They were eventually infected by the Plague of Galen."}],"focus":[{"sentence":"However, this changing pattern of trade does not by itself provide a complete explanation for the great fall in population of Londinium around","word":""}],"jiexi":""},{"timuid":"8432","timutype":"y1","tigan":"In paragraph 2, why does the author compare the population of Londinium with that of Britain as a whole at different times in its history?   ","type":"","correntans":["D"],"level":"1","option":[{"val":"A","content":"To show how long it took for the city to regain its national status following its decline in the second century   "},{"val":"B","content":"To explain why population estimates of Londinium and Britain as a whole are necessarily uncertain and speculative   "},{"val":"C","content":"To explain why Londinium is thought to have reached its population peak in the early second century   "},{"val":"D","content":"To support the idea that the city's relationship to the rest of Britain was less significant under the Romans than it would become later on"}],"focus":[{"sentence":"At its greatest extent in the early second century, the population of Londinium may have been in the region","word":""}],"jiexi":""},{"timuid":"8433","timutype":"y3","tigan":"But our knowledge of this does not come from written records.    ","type":"","correntans":["B"],"level":"1","option":[{"val":"A","content":"In the early part of the second century A.D."},{"val":"B","content":"There is no contemporary reference to this great fire, or possibly succession of local fires. "},{"val":"C","content":"However, archaeological evidence leaves no doubt that such a disaster did occur "},{"val":"D","content":"The Hadrianic fire (named for the Roman emperor of that time) marks"}],"focus":[],"jiexi":""},{"timuid":"8434","timutype":"y4","tigan":"The Roman settlement of Londinium in Britain experienced a huge decline in population after the mid-second century A.D.  ","type":"","correntans":["C","D","F"],"level":"1","option":[{"val":"A","content":"Before a fire that destroyed most of the city, Londinium's population was larger than it would be again for more than 1,000 years.   "},{"val":"B","content":"Londinium's importance relative to the surrounding country was decreasing even before the Hadrianic fire, but this decline greatly accelerated after the fire.   \r\n"},{"val":"C","content":"The Hadrianic fire, military campaigns, and economic changes may have contributed to Londinium's decline but cannot fully account for it.   "},{"val":"D","content":"After the Hadrianic fire, the Romans stopped trading with Londinium, choosing instead to trade with other tribal capitals in Britain.   "},{"val":"E","content":"Archaeological evidence indicates that there was once a settlement along the Walbrook River in Londinium.   "},{"val":"F","content":"The best explanation for the huge decline in Londinium's population is the spread of disease."}],"focus":[],"jiexi":""}]}],"part2":[{"passageAudioUrl":"10104_201911241933041y5re.mp3","audioType":"CV1","article":"\u6750\u6599\u66f4\u65b0\u4e2d","articleType":"","articleTitle":"","articleTitleTranslate":"","translate":"","mainimg":"10104_201911241933043rsuv.jpg","playimgsObj":{"-0":"10104_201911241933044omnq.jpg"},"timulist":[{"timuid":"8575","timutype":"l1","tigan":"What is the conversation mainly about?","type":"CV1","zhuan_ti":"","audiourl":"10104_201911241934081bgrm.mp3","correntans":["A"],"level":"1","option":[{"val":"A","content":"Responsibilities involved in organizing programs for dormitory residents"},{"val":"B","content":"The student's suitability for a position with Student Housing"},{"val":"C","content":"Feedback about the student's current resident adviser"},{"val":"D","content":"The benefits of becoming a resident adviser"}],"jiexi":""},{"timuid":"8576","timutype":"l2","tigan":"What reasons does the student give for wanting to become a resident advisor? Click on 2 answers.","type":"CV1","zhuan_ti":"","audiourl":"10104_2019112419344010xd7.mp3","correntans":["A"],"level":"1","option":[{"val":"A","content":"The experience will be useful in the future.\r\n"},{"val":"B","content":"The help he received when he first lived in the dormitory was valuable to him."},{"val":"C","content":"He enjoys helping other students."},{"val":"D","content":"He has several friends who are resident advisors."}],"jiexi":""},{"timuid":"8577","timutype":"l1","tigan":"What can be inferred about the woman when she mentions the student's activities?","type":"CV1","zhuan_ti":"","audiourl":"10104_201911241935221uq0u.mp3","correntans":["A"],"level":"1","option":[{"val":"A","content":"She is concerned that the student's activities might be too time-consuming for him to be resident adviser."},{"val":"B","content":"She thinks it is important for resident advisers to take part in student activities."},{"val":"C","content":"She is impressed by the student's wide range of interests and activities."},{"val":"D","content":"She is concerned that playing soccer might interfere with the student's academic performance."}],"jiexi":""},{"timuid":"8578","timutype":"l1","tigan":"What does the woman say about a training course?","type":"CV1","zhuan_ti":"","audiourl":"10104_201911241935571ljxk.mp3","correntans":["A"],"level":"1","option":[{"val":"A","content":"All applicants must complete the course before they will be considered for an adviser position."},{"val":"B","content":"Students can work as advisers while they are taking the course."},{"val":"C","content":"The course is highly recommended, but not required, for new advisers."},{"val":"D","content":"All students must take the course before they serve as advisers."}],"jiexi":""},{"timuid":"8579","timutype":"l1","tigan":"What does the woman imply when she says this: ","type":"CV1","zhuan_ti":"","audiourl":["10104_201911241936301zjdt.mp3","10104_201911241936302sym5.mp3"],"correntans":["A"],"level":"1","option":[{"val":"A","content":"The position requires practical experience, not just good academic skills."},{"val":"B","content":"The student's academic background makes him well suited for the position."},{"val":"C","content":"The student has some good ideas for improving the position."},{"val":"D","content":"The student understands what the position involves."}],"jiexi":""}]},{"passageAudioUrl":"10104_201911241937261ccyf.mp3","audioType":"LEC1","article":"\u6750\u6599\u66f4\u65b0\u4e2d","articleType":"","articleTitle":"","articleTitleTranslate":"","translate":"","mainimg":"10104_20191124193726350rj.jpg","playimgsObj":{"-0":"10104_201911241937264yaau.jpg"},"timulist":[{"timuid":"8580","timutype":"l1","tigan":"What is the main purpose of the lecture?","type":"LEC1","zhuan_ti":"","audiourl":"10104_201911241938211euiu.mp3","correntans":["A"],"level":"1","option":[{"val":"A","content":"To demonstrate why observation and experimentation often lead to contradictory conclusions "},{"val":"B","content":"To show how an experiment was used to test a hypothesis"},{"val":"C","content":"To explain why aggressive mimicry is more common among insects than protective mimicry is"},{"val":"D","content":"To describe the differences in the ways that insects and flowers use mimicry"}],"jiexi":""},{"timuid":"8581","timutype":"l1","tigan":"According to the professor, why has there been very little research on orchid mantises?","type":"LEC1","zhuan_ti":"","audiourl":"10104_20191124193914151j2.mp3","correntans":["A"],"level":"1","option":[{"val":"A","content":"They are difficult to find in the wild."},{"val":"B","content":"They do not survive in captivity."},{"val":"C","content":"It was assumed that they were too poisonous to study directly."},{"val":"D","content":"It was assumed that they had become extinct over a century ago."}],"jiexi":""},{"timuid":"8582","timutype":"l1","tigan":"Why does the professor discuss butterflies?","type":"LEC1","zhuan_ti":"","audiourl":"10104_201911241939481p5mq.mp3","correntans":["A"],"level":"1","option":[{"val":"A","content":"To help students understand one type of mimicry"},{"val":"B","content":"To explain how researchers designed an experiment"},{"val":"C","content":"To provide an example of an insect that the orchid mantis eats"},{"val":"D","content":"To show that insects other than the orchid mantis mimic flowers"}],"jiexi":""},{"timuid":"8583","timutype":"l1","tigan":"What point does the professor make when she mentions the spectrometer?","type":"LEC1","zhuan_ti":"","audiourl":"10104_201911241940221b8vh.mp3","correntans":["A"],"level":"1","option":[{"val":"A","content":"The orchid mantis mimics flowers of several different colors."},{"val":"B","content":"Bees and humans see colors in a similar way."},{"val":"C","content":"Many experiments can be done without the use of expensive technology."},{"val":"D","content":"The bees' perception of color did not affect the experiment's outcome."}],"jiexi":""},{"timuid":"8584","timutype":"l1","tigan":"What conclusion did the researchers draw from their experiment with the sticks?","type":"LEC1","zhuan_ti":"","audiourl":"10104_201911241940571xufu.mp3","correntans":["A"],"level":"1","option":[{"val":"A","content":"The orchid mantis is spreading to other habitats."},{"val":"B","content":"The orchid mantis uses aggressive mimicry."},{"val":"C","content":"Bees can distinguish between flowers and insects."},{"val":"D","content":"Bees tend to visit smaller flowers first."}],"jiexi":""},{"timuid":"8585","timutype":"l1","tigan":"What does the professor imply should be studied next about orchid mantises?","type":"LEC1","zhuan_ti":"","audiourl":"10104_201911241941281yumx.mp3","correntans":["A"],"level":"1","option":[{"val":"A","content":"Whether they have any natural predators"},{"val":"B","content":"Whether their diet has changed since they were first observed"},{"val":"C","content":"Whether their use of mimicry has more than one function"},{"val":"D","content":"Whether they can mimic various species of flowers"}],"jiexi":""}]},{"passageAudioUrl":"10104_20191124194209128yz.mp3","audioType":"LEC2","article":"\u6750\u6599\u66f4\u65b0\u4e2d","articleType":"","articleTitle":"","articleTitleTranslate":"","translate":"","mainimg":"10104_201911241942093xrlf.jpg","playimgsObj":{"-0":"10104_201911241942094aktj.jpg"},"timulist":[{"timuid":"8586","timutype":"l1","tigan":"What does the professor mainly discuss?","type":"LEC2","zhuan_ti":"","audiourl":"10104_201911241943101oo6y.mp3","correntans":["A"],"level":"1","option":[{"val":"A","content":"Events that led to the creation of an urban park"},{"val":"B","content":"Policies regarding the development of public parks"},{"val":"C","content":"The history of a central business district"},{"val":"D","content":"Problems resulting from the decline of the railroads"}],"jiexi":""},{"timuid":"8587","timutype":"l1","tigan":" According to the professor, what did the Illinois Central Railroad company agree to do in exchange for the right to lay tracks on what is now the site of Millennium Park?","type":"LEC2","zhuan_ti":"","audiourl":"10104_201911241943481zntc.mp3","correntans":["A"],"level":"1","option":[{"val":"A","content":"Pay an annual tax to the government"},{"val":"B","content":"Donate land that the company owned along the lake shore"},{"val":"C","content":"Transport materials to be used in the construction of Millennium Park"},{"val":"D","content":"Provide money for a construction project on Lake Michigan"}],"jiexi":""},{"timuid":"8588","timutype":"l1","tigan":"According to the professor, in what way did the Illinois Central Railroad company violate the agreement it had made with the city of Chicago in the 1800s?","type":"LEC2","zhuan_ti":"","audiourl":"10104_201911241944321pq1b.mp3","correntans":["A"],"level":"1","option":[{"val":"A","content":"It built an unauthorized parking area for cars."},{"val":"B","content":"It installed more railroad tracks than were allowed by the agreement."},{"val":"C","content":"It did not take steps to control the noise made by its trains."},{"val":"D","content":"It did not properly maintain its trains and railroad tracks."}],"jiexi":""},{"timuid":"8589","timutype":"l1","tigan":"What does the professor imply about the park envisioned by the mayor of Chicago in the late 1990s?","type":"LEC2","zhuan_ti":"","audiourl":"10104_201911241945131zn8n.mp3","correntans":["A"],"level":"1","option":[{"val":"A","content":"It would have been too expensive to actually build."},{"val":"B","content":"It became a model for parks in other major cities in the United States."},{"val":"C","content":"It was smaller than Millennium Park is today."},{"val":"D","content":"It included most of the features seen in Millennium Park today."}],"jiexi":""},{"timuid":"8590","timutype":"l1","tigan":"What does the professor imply when she mentions the mayor's visit to his dentist?","type":"LEC2","zhuan_ti":"","audiourl":"10104_201911241945481u8qs.mp3","correntans":["A"],"level":"1","option":[{"val":"A","content":"She has heard the mayor speak about his decision to build Millennium Park."},{"val":"B","content":"She is not sure if the story about the origin of Millennium Park is true."},{"val":"C","content":"She used to park her car in the parking area that is visible from the dentist's office."},{"val":"D","content":"She thinks that the dentist is fortunate to have a view of a park."}],"jiexi":""},{"timuid":"8591","timutype":"l1","tigan":"What does the professor imply the students should do as she shows them some primary sources?","type":"LEC2","zhuan_ti":"","audiourl":"10104_201911241946391eabz.mp3","correntans":["A"],"level":"1","option":[{"val":"A","content":"Carefully write down important information that they find in the sources"},{"val":"B","content":"Become familiar with the types of sources available to them"},{"val":"C","content":"Think of ways various types of sources should be classified"},{"val":"D","content":"Keep in mind that some information in the sources may not be accurate"}],"jiexi":""}]},{"passageAudioUrl":"10104_201911241947491vxkb.mp3","audioType":"CV2","article":"\u6750\u6599\u66f4\u65b0\u4e2d","articleType":"","articleTitle":"","articleTitleTranslate":"","translate":"","mainimg":"10104_201911241947493pt38.jpg","playimgsObj":{"-0":"10104_2019112419474941whx.jpg"},"timulist":[{"timuid":"8592","timutype":"l1","tigan":"Why does the student go to see the professor?","type":"CV2","zhuan_ti":"","audiourl":"10104_201911241950191gmm2.mp3","correntans":["A"],"level":"1","option":[{"val":"A","content":"To ask if she can change the topic of an upcoming presentation"},{"val":"B","content":"To propose a topic for her summer research project"},{"val":"C","content":"To discuss an article the professor assigned for homework"},{"val":"D","content":"To ask for an extension on a class project"}],"jiexi":""},{"timuid":"8593","timutype":"l1","tigan":"What can be inferred about the student when she discusses the summer research program?","type":"CV2","zhuan_ti":"","audiourl":"10104_201911241951041exgu.mp3","correntans":["A"],"level":"1","option":[{"val":"A","content":"She does not feel confident that she has the research skills she would need."},{"val":"B","content":"She does not think that her present career plans would make the program useful for her."},{"val":"C","content":"She is concerned that she will not have enough time to participate in the program."},{"val":"D","content":"She is surprised that an internship program would pay participants."}],"jiexi":""},{"timuid":"8594","timutype":"l1","tigan":"Why does the student mention laser technology?","type":"CV2","zhuan_ti":"","audiourl":"10104_201911241951521jp9f.mp3","correntans":["A"],"level":"1","option":[{"val":"A","content":"To indicate the main reason for her interest in research on murtoos"},{"val":"B","content":"To emphasize that murtoos are not easily noticeable"},{"val":"C","content":"To explain how researchers were able to determine when murtoos formed"},{"val":"D","content":"To suggest that research on murtoos may have wider applications"}],"jiexi":""},{"timuid":"8595","timutype":"l1","tigan":"What does the professor imply about recent research in Sweden?","type":"CV2","zhuan_ti":"","audiourl":"10104_201911241952281n4tk.mp3","correntans":["A"],"level":"1","option":[{"val":"A","content":"It may help researchers who are studying present-day ice sheets."},{"val":"B","content":"It should have received more attention than it has."},{"val":"C","content":"The findings from the research contradict current assumptions about glacial formation."},{"val":"D","content":"The findings from the research are not surprising."}],"jiexi":""},{"timuid":"8596","timutype":"l1","tigan":"What concern does the professor express about the student's new proposal?","type":"CV2","zhuan_ti":"","audiourl":"10104_201911241953071w73n.mp3","correntans":["A"],"level":"1","option":[{"val":"A","content":"The student's proposal lacks a clear focus."},{"val":"B","content":"The student has chosen a topic that will already be familiar to her classmates."},{"val":"C","content":"There is not enough research on the topic to meet the assignment's requirements."},{"val":"D","content":"It may be too late for the student to begin work on a completely new topic."}],"jiexi":""}]},{"passageAudioUrl":"10104_201911241953551joop.mp3","audioType":"LEC3","article":"\u6750\u6599\u66f4\u65b0\u4e2d","articleType":"","articleTitle":"","articleTitleTranslate":"","translate":"","mainimg":"10104_201911241953553ljla.jpg","playimgsObj":{"-0":"10104_201911241953554wora.jpg"},"timulist":[{"timuid":"8597","timutype":"l2","tigan":"What is the lecture mainly about? Click on 2 answers.","type":"LEC3","zhuan_ti":"","audiourl":"10104_201911241954461ico8.mp3","correntans":["A"],"level":"1","option":[{"val":"A","content":"Hassam's influence on artists who immigrated to the United States"},{"val":"B","content":"An aspect of Hassam's body of work that distinguished him from other Impressionist painters in the United States"},{"val":"C","content":"A critical period in Hassam's rise to prominence as an Impressionist painter"},{"val":"D","content":"Relationships between the elements in some of Hassam's paintings"}],"jiexi":""},{"timuid":"8598","timutype":"l1","tigan":"What does the professor imply when he discusses the Industrial Age?\r\n","type":"LEC3","zhuan_ti":"","audiourl":"10104_201911241955251d7bk.mp3","correntans":["A"],"level":"1","option":[{"val":"A","content":"Many European Impressionists immigrated to the United States during this era."},{"val":"B","content":"Growing populations in cities led to an increased consumer demand for artworks."},{"val":"C","content":"U.S. Impressionists wanted their paintings to offer relief from certain aspects of city life."},{"val":"D","content":"Many U.S. Impressionists permanently moved to the countryside when the cities got overcrowded."}],"jiexi":""},{"timuid":"8599","timutype":"l1","tigan":"What is the professor's attitude regarding the paintings that Hassam made on Appledore Island?","type":"LEC3","zhuan_ti":"","audiourl":"10104_201911241956041q20v.mp3","correntans":["A"],"level":"1","option":[{"val":"A","content":"He thinks they are more interesting than Hassam's New York City paintings."},{"val":"B","content":"He is surprised that they do not include more people."},{"val":"C","content":"He is impressed by how many of them there are."},{"val":"D","content":"He doubts that they were actually painted outside."}],"jiexi":""},{"timuid":"8600","timutype":"l2","tigan":"According to the professor, how does Hassam unite the images in his painting  The Breakfast Room, Winter Morning? Click on 2 answers.","type":"LEC3","zhuan_ti":"","audiourl":"","correntans":["A"],"level":"1","option":[{"val":"A","content":"By placing them to suggest the presence of a geometric shape"},{"val":"B","content":"By reflecting sunlight off of interior spaces"},{"val":"C","content":"By including natural objects from the outdoors in an indoor setting"},{"val":"D","content":"By strategically repeating the use of certain colors"}],"jiexi":""},{"timuid":"8601","timutype":"l1","tigan":"According to the professor, what idea does Hassam suggest by obscuring the Flatiron Building behind a curtain in The Breakfast Room,Winter Morning?","type":"LEC3","zhuan_ti":"","audiourl":"10104_201911241957171yshk.mp3","correntans":["A"],"level":"1","option":[{"val":"A","content":"The need to control the extent to which modernity invades people's lives"},{"val":"B","content":"The mysterious forces driving New York City's growth"},{"val":"C","content":"The challenge of earning a living in a big city"},{"val":"D","content":"The difficulty of maintaining a sense of permanence in a changing world"}],"jiexi":""},{"timuid":"8602","timutype":"l1","tigan":"What does the professor mean when he says this: ","type":"LEC3","zhuan_ti":"","audiourl":["10104_2019112419575310sns.mp3","10104_201911241957532x33b.mp3"],"correntans":["A"],"level":"1","option":[{"val":"A","content":"The midwestern United States was not visually interesting to most Impressionist painters."},{"val":"B","content":"The effect of sunlight on painters' subjects varies significantly from place to place."},{"val":"C","content":"Hassam was strongly influenced by his environment when he painted The Breakfast Room."},{"val":"D","content":"Hassam relied on feedback from other New York City artists to improve his work."}],"jiexi":""}]}],"part3":[{"passageAudioUrl":"","timulist":[{"timuid":"8607","timutype":"s1","audiourl_timu":"10104_201911242013321fzfq.mp3","tigan":"Do you agree or disagree with the following statement?<br \/>Schools should spend as much time teaching students about world history as they do teaching students about the history of their own countries.<br \/>Use examples and details to explain your answer.","read_title":"","read_time":"45","read_content":"","listen_content_en":"","listen_content_cn":"","type":"","level":"0","jiexi":"I do believe teaching students about world history plays two vital parts in their life. First of all, learning world history gives students an easier access to the outside world. Other than domestic history that has been pretty familiar to them, students will have an opportunity to learn to appreciate other marvelous civilizations in mankind history. In that situation, they will get involved in history learning, and enlarge their perspective into a lot of historical events or figures that inspire them in the future. Still, let\u2019s be realistic. If a student masters a huge knowledge base in world history, he surely will be ahead of peers in tests like TOEFL or IELTS. By this, I mean, to quote a historical event or a renowned foreigner, say, the reconstruction of Japan after the WWII, or the story of scientists like Galileo and Newton, can be ideal in his essay or paper writing.&nbsp;","jiexiAudio":""}]},{"passageAudioUrl":"","timulist":[{"timuid":"8608","timutype":"s2","audiourl_timu":"10104_2019112420125213f9f.mp3","tigan":"The woman expresses her opinion about the proposal described in the letter. Briefly summarize the proposal. Then state her opinion about the proposal and explain the reasons she gives for holding that opinion.","read_title":"Combine Student and Faculty Dining","read_time":"50","read_content":"Sometimes my friends and I have trouble finding seats together when we try to eat in the dining hall because it is crowded. The dining area for students and the dining area for professors are currently divided by a wall, and I think the situation would be improved by combining these two areas. Combining the student and faculty dining rooms would give students more space to eat, since the faculty dining room is generally much less busy. Also, if students and professors had the opportunity to eat together it would encourage positive social interactions between them, and they could enjoy interesting discussions together over meals.<br \/>Sincerely,<br \/>Brian Hanson","audiourl_readlisten":"10104_201911242012522xkua.mp3","listen_content_en":"","listen_content_cn":"","audiourl_listen":"10104_201911242012523r07y.mp3","listen_image":"10104_201911242012524s9e9.jpg","type":"","level":"0","jiexi":"The reading passage is a letter proposing to have student and faculty dining combined. The woman in the listening, to some extent, agrees with it. Firstly, if there\u2019s a combination like that, students will be given more space to eat in the dining hall. By that, she explains professors don\u2019t fully use the dining hall space. This is because they don\u2019t need to be there often. They sometimes eat at home or choose to stay at office to get their work done. Yet, according to the woman, it won\u2019t be so ideal if students have more social interactions with professors in the dining hall. And her concern is that some students will bother professors with questions about the assignment or paper. She thinks professors prefer to talk with colleagues while eating or just eat quietly. That\u2019s all for the woman\u2019s opinion towards a proposal taken from a letter she read.","jiexiAudio":""}]},{"passageAudioUrl":"","timulist":[{"timuid":"8609","timutype":"s2","audiourl_timu":"10104_201911242015051pgg6.mp3","tigan":"Explain how the example in the lecture illustrates the concept of a living shoreline.","read_title":"Living Shorelines","read_time":"50","read_content":"People often build towns or settlements near the ocean, but these settlements can experience erosion when ocean waves wear away the land. To resolve this difficulty, people may put up artificial barriers to protect the land from the ocean. However, these barriers reduce the available habitat for coastal plant and animal species living near the water. Therefore, many scientists today encourage the creation of <br \/>living shorelines.<br \/> Creating a living shoreline involves removing artificial barriers and instead using natural elements to protect the land from the water. The purpose is to restore the area to a more natural condition and provide a habitat for plants and animals, while also protecting human settlements.","audiourl_readlisten":"10104_2019112420150522lxb.mp3","listen_content_en":"","listen_content_cn":"","audiourl_listen":"10104_201911242015053itbp.mp3","listen_image":"10104_201911242017541x06p.jpg","type":"","level":"0","jiexi":"The creation of living shorelines is to use natural elements to protect the land from the water. The professor gives one example to help illustrate this concept. There\u2019s a university that has a beautiful location near the ocean. This university used to have a concrete wall to separate its campus from the water, but this wall was like a boundary that reduced the living area for wetland animals like the bird and fish. These animals then disappeared. Recently, a change has been made. The old barrier wall was pulled down and then a new wetland with soil and grass has been created between the campus and the ocean. The wetland decreases the breaking waste and the new grassland protects the campus from the wave. This brand new living shoreline design also increases the biodiversity because there is much space where the bird and fish can live now.&nbsp;","jiexiAudio":""}]},{"passageAudioUrl":"","timulist":[{"timuid":"8610","timutype":"s3","audiourl_timu":"10104_2019112420165614ww4.mp3","tigan":"Using points and examples from the professor's lecture, explain two\u00a0advantages of keeping a business small.","read_title":"","read_time":"45","read_content":"","listen_content_en":"","listen_content_cn":"","audiourl_listen":"10104_2019112420165623k08.mp3","listen_image":"10104_2019112420174111kt2.jpg","type":"","level":"0","jiexi":"In the lecture of business, the professor primarily talks about two benefits of keeping a business small. The first one is forming a close relationship with customers who like to receive personal attention. For example, the owner of a small clothing store can get more involved in serving customers. He can help customers find suitable clothing they like. This owner can also get to know his customers regularly, like understanding the color or style of the clothes they want. This really helps increase sales. The second one is the flexibility to make adjustments or changes more quickly. In the example of the same small clothing store, if the owner thinks it should be good to keep the store open later at night, he can work overtime by himself or simply ask another employee to do it. But decision making like this will be very complicated in a large business.","jiexiAudio":""}]}],"part4":[{"passageAudioUrl":"","timulist":[{"timuid":"8613","timutype":"w1","tigan":" Summarize the points made in the lecture, being sure to explain how they challenge the specific arguments presented in the reading passage.","read_content":"Natural gas is a mixture of hydrocarbons, nitrogen, and other gases. It occurs naturally underground. Natural gas is a source of energy: it can be used for heating, transportation, and for generating electricity.<br \/><br \/>New methods of extracting natural gas have led to a dramatic increase in the production and use of natural gas in the United States in recent years. However, many critics argue that this recent trend has created serious problems. The critics recommend that the production of natural gas in the United States be reduced.<br \/><br \/>Not a Clean Energy Source<br \/>Natural gas is not a clean source of energy. Like coal or oil, natural gas is a fossil fuel. Using fossil fuels creates greenhouse gases that trap heat close to Earth's surface and contribute to climate change and pollution. The critics suggest that trying to increase the use of cleaner sources of energy, such as solar or wind power, would be a much better long-term energy strategy than increasing the production and use of natural gas.<br \/><br \/>Wastewater<br \/>To force the gas out of underground rock layers, toxic chemicals and water are pumped into the ground under high pressure. The process creates toxic wastewater. The wastewater comes back to the surface, where it is collected and disposed of. Unfortunately, improper disposal of wastewater used in gas extraction has led to contamination of rivers and drinking-water supplies, causing major environmental and health problems.<br \/><br \/>Impact on Local Communities<br \/>The critics also point out the negative impact of gas extraction on nearby communities. The drilling rigs for extracting gas from the ground are noisy, as are the trucks used to take the gas away. The noise and the bright lights needed for operating gas-extraction equipment can be very disruptive and unpleasant.","listen_content_en":"","listen_content_cn":"","audiourl":"10104_201911242027101p4u3.mp3","listen_image":"10104_201911242027311anoc.jpg","type":"","level":"0","jiexi":""}]},{"passageAudioUrl":"","timulist":[{"timuid":"8614","timutype":"w2","tigan":"Celebrities such as actors, musicians, and athletes sometimes express their political views publicly. Some people appreciate knowing the political views of their favorite celebrities, while others believe it is not appropriate or useful to know the political views of celebrities. Which view do you agree with? Why?\r\n\r\nUse specific reasons and examples to support your answer. Be sure to use your own words. Do not use memorized examples.","read_content":"","listen_content_en":"","listen_content_cn":"","type":"","level":"0","jiexi":""}]}]}}